id;name;email;birthdate
489;Sunt quaerat valetudo aestivus conturbo spiritus stipes voveo.;Clementine61@gmail.com;2021-11-21
4848;Synagoga alveus consequatur corrumpo animus celo.;Lucy.Will1@hotmail.com;2022-11-06
4887;Cimentarius trepide arbustum auctor tibi quibusdam voveo quia et.;Janiya_Haley@gmail.com;2023-11-11
3653;Catena volup architecto tabernus conatus desino demonstro aliqua consequuntur curatio.;Ayden37@hotmail.com;2022-07-11
4115;Brevis conventus spectaculum clementia voluptatem cena coma deserunt.;Korey39@gmail.com;2021-06-18
1982;Torrens molestiae nesciunt altus tersus vilitas.;Fredrick.Stokes29@hotmail.com;2020-07-20
9044;Usque odit accusantium asper repellendus.;Elian_Yundt55@yahoo.com;2021-04-15
3678;Esse tabgo demens.;Laisha.Sauer23@hotmail.com;2023-10-14
9026;Vomica votum verus confero vulpes.;Bonita_Conn25@yahoo.com;2021-02-05
5270;Somnus valde caute subito culpa voluptatem sublime vereor quasi aiunt.;Elian.Bauch@gmail.com;2023-01-04
585;Arcus pax surgo copiose cervus solus ventosus audentia beneficium.;Muhammad.Hessel14@yahoo.com;2024-06-06
9961;Abutor valens ullus caries sol.;Ardella.Rempel@hotmail.com;2021-11-02
3513;Verto virgo optio adversus acies.;Kathleen_Price@gmail.com;2020-05-14
7828;Solutio rerum tergiversatio apostolus vilicus accommodo amplus.;Flavie70@hotmail.com;2022-06-04
8222;Vorax arto spoliatio.;Zakary.Crist69@yahoo.com;2020-08-31
3682;Vix advoco thema beneficium.;Beau.Runolfsson@yahoo.com;2025-08-25
1575;Porro maxime deinde utpote.;Stephon.Rolfson34@yahoo.com;2021-05-29
2484;Confido curiositas defaeco quidem pax quae solum aequitas tunc ducimus.;Etha_Ratke17@gmail.com;2021-05-23
7222;Aegrus fugiat animadverto aperio.;Dameon_Kuhlman98@yahoo.com;2020-03-16
3198;Spes bellum aiunt voluptatibus bellum denique summa usus.;Clay_Streich96@yahoo.com;2023-09-19
3705;Vado sodalitas tremo doloremque quo.;Carlos47@hotmail.com;2020-07-12
7687;Deficio supellex centum vapulus caput.;Casandra_Wilkinson68@gmail.com;2025-05-19
3838;Defleo avaritia distinctio.;Jana.Hettinger-Lesch66@gmail.com;2021-10-28
8081;Stella voluptatem clementia blandior cenaculum tenus crur acceptus decor.;Suzanne.Frami@yahoo.com;2020-11-15
8263;Admitto socius alii aranea ulciscor.;Augustine_Ratke22@yahoo.com;2023-06-23
7834;Tabesco impedit vinco adhaero.;Laurel.Ondricka53@hotmail.com;2023-07-17
3893;Excepturi benigne mollitia cicuta defendo spiculum statim sum.;Arlo.Reichel43@hotmail.com;2022-04-27
3990;Creta amoveo coniuratio beatus creator.;Dell84@yahoo.com;2022-02-18
7450;Repellat tempora depulso vomer quibusdam vaco sollers praesentium quam.;Ron84@gmail.com;2023-07-31
2317;Clementia damno solium.;Calista31@gmail.com;2024-09-07
9586;Vir tempora cupiditas corona temptatio copiose velociter trepide capillus.;Humberto.Shields66@yahoo.com;2020-12-20
1678;Placeat tendo ter derelinquo volubilis adsuesco audax.;Jessika.Kuvalis92@hotmail.com;2023-05-10
3204;Clamo pectus veritatis aureus aequitas subiungo cur.;Amari_Mitchell34@yahoo.com;2022-07-17
6277;Consectetur quisquam sordeo statua concido ventosus cometes condico.;Belle_Kunde@gmail.com;2024-04-15
1392;Subvenio curvo laborum.;Israel.Goldner@yahoo.com;2023-02-13
7481;Truculenter amicitia truculenter spargo virga defetiscor argumentum.;Jaren88@yahoo.com;2022-08-16
412;Cinis caritas centum sui valens.;Alene.Hoeger76@hotmail.com;2020-06-06
6424;Succurro callide corpus toties.;Hollie_Maggio12@yahoo.com;2025-06-03
7670;Volubilis conspergo audeo.;Leora.Feest@hotmail.com;2024-10-11
2834;Sapiente subvenio tempus curvo desolo agnitio copiose tam.;Jeffery_Aufderhar@yahoo.com;2024-04-16
5185;Umbra virgo stella cado antea.;Valentina9@gmail.com;2021-09-11
1194;Officia ullam defleo sollicito adduco compello tendo.;Bartholome_Crist70@gmail.com;2024-08-04
6851;Minus utrimque tametsi.;Rodrigo17@gmail.com;2022-05-19
2628;Auctor defleo cilicium corona vulgo attollo.;Mike68@hotmail.com;2025-08-25
2838;Terminatio repellat bestia.;Yasmin.Blick@hotmail.com;2020-01-23
3252;Solium minima aggredior.;Abby.Daniel@hotmail.com;2020-06-28
566;Usus apostolus a voluntarius titulus vinum auctus ater cupressus demulceo.;Diego.Willms27@gmail.com;2022-01-25
8422;Desipio tendo acidus abstergo allatus vinitor autus curtus celer.;Vickie_Batz@yahoo.com;2025-08-02
7617;Certus dolor tot civis deserunt surculus spero nihil.;Hermann_Gislason34@gmail.com;2020-11-27
3807;Deinde ipsum audentia eos argumentum traho color universe theologus capillus.;Anabel24@gmail.com;2021-02-13
1632;Utique fugiat ea venio absorbeo aliqua sordeo omnis patria.;Jasen38@gmail.com;2024-03-23
9235;Aspernatur antea libero reprehenderit volup attollo alo auxilium rem.;Rolando_Blanda50@gmail.com;2020-08-07
3916;Aqua utroque trans cresco aliquam stipes admoneo adeo.;Odie3@yahoo.com;2024-05-13
2233;Paulatim utrimque attollo depulso.;Raleigh_Bartoletti@gmail.com;2020-03-15
5649;Vere valens ulterius valeo odio veritas adeptio truculenter.;German93@gmail.com;2025-03-16
228;Cerno delicate vilis sufficio.;Harley.Grady@yahoo.com;2020-08-16
6302;Vacuus cunabula amet arx adaugeo cura fugit.;Kayden70@hotmail.com;2022-11-14
3273;Tener tandem itaque bellum ascisco cernuus conatus desidero.;Alvena_Paucek30@yahoo.com;2024-08-29
1924;Statim auditor nesciunt stipes cumque desparatus tandem quisquam apto brevis.;Cecil_Schneider@gmail.com;2025-02-02
4975;Decretum quasi quos.;Cleta27@hotmail.com;2020-11-25
8804;Dolorum aperio audeo repellendus facere.;Sincere.Bosco-Quitzon@yahoo.com;2022-11-13
9427;Ante voluptate valeo.;Rodrigo95@yahoo.com;2021-03-29
502;Cupiditate aufero usus calculus curriculum ea argentum.;Devin.Morissette@gmail.com;2022-01-14
8720;Supra tribuo umbra conspergo tamen consequatur.;Clarissa3@hotmail.com;2021-09-08
4087;Barba volutabrum vulnus agnosco demonstro.;Cynthia_Welch@hotmail.com;2024-05-24
466;Spoliatio ullam at adhuc cotidie vado quos cumque.;Jude46@yahoo.com;2020-10-13
3547;Adfero ducimus ara clamo.;Annabel_Hamill@yahoo.com;2025-04-15
6750;Porro amissio desipio quo.;Darion20@gmail.com;2025-10-23
8996;Coaegresco degusto quae.;Wava.Collins@yahoo.com;2022-08-19
2473;Terga absorbeo velit atrocitas capto utrimque iste.;Dennis.Fritsch@hotmail.com;2022-05-08
2934;Caput adeo thesaurus.;Kirsten79@yahoo.com;2025-03-31
375;Comburo arcesso ciminatio.;Anastacio79@hotmail.com;2020-04-07
5469;Thymbra nesciunt strues aveho conservo asporto optio adipiscor stella.;Lambert94@hotmail.com;2025-08-30
2244;Antiquus nemo carmen alo adduco concido triduana abduco aiunt.;Wyatt.Bogan@hotmail.com;2024-07-21
9958;Anser supellex beatus apud summopere tot.;Weston_Johnston@yahoo.com;2020-06-18
1533;Audentia pauper libero addo pecus.;Gladyce_Nader95@hotmail.com;2021-04-14
6905;Tunc tempora repellendus cunae tero addo commodi cogo.;Aryanna.Trantow79@hotmail.com;2020-05-09
6925;Strues curo coniuratio beatus dolorum enim audeo neque utroque complectus.;Carrie_White81@hotmail.com;2022-10-29
5491;Contabesco contigo alveus accusator valetudo cena.;Frances27@gmail.com;2021-02-19
1376;Statua viscus aeneus cuius ut damno contra.;Elisabeth_Wintheiser83@gmail.com;2021-03-28
1757;Vesco animus arbor cariosus demum aegrotatio.;Lennie_Berge@yahoo.com;2022-11-23
7268;Thalassinus adsidue nulla damnatio somniculosus.;Jeffery75@hotmail.com;2025-03-21
5740;Caute audio vis solum molestiae conculco vilitas.;Will_Collins57@yahoo.com;2024-02-21
2683;Cado eveniet demoror uberrime tamen voluptatibus architecto commemoro sustineo caput.;Chelsea33@gmail.com;2020-02-25
6927;Adinventitias derelinquo quisquam subito deorsum.;Juana_Wunsch21@yahoo.com;2020-02-17
4267;Suggero thema aeneus avarus colo sperno adhuc amiculum vociferor.;Mariela.Collier8@hotmail.com;2025-07-06
1304;Cilicium aptus ipsam excepturi decretum apud careo taedium utique eius.;Lucienne_Hilll@hotmail.com;2020-01-07
1118;Crux trans studio combibo correptius.;Tara_Wehner-Rowe46@hotmail.com;2021-10-22
6656;Copia ventosus bibo cedo vesco amiculum quibusdam amita bibo pel.;Roman.Kovacek@hotmail.com;2024-05-13
4876;Alias claro sono conturbo arto labore stipes culpa.;Grover.Daugherty@gmail.com;2021-09-22
4581;Umbra vomito stillicidium colo qui contra cupiditas corrumpo suus.;Cary_Romaguera@gmail.com;2021-06-28
5775;Bardus voluptas dedecor suggero.;Jalon2@yahoo.com;2025-07-16
494;Demum caelum commodi cupio aufero tergum sublime conventus.;Rex.Jaskolski93@gmail.com;2020-03-15
8703;Tollo congregatio suus amo testimonium tametsi strues cultura clibanus admiratio.;Osvaldo.Gottlieb-Beahan@gmail.com;2023-05-01
7065;Amplexus supra conforto.;Suzanne3@yahoo.com;2021-01-14
2497;Sustineo apostolus illo.;Vince_Witting40@hotmail.com;2023-12-02
8322;Defero ter atrocitas.;Wilburn8@hotmail.com;2020-12-02
2364;Crinis cena tergeo ancilla delinquo maxime sophismata.;Schuyler.Friesen58@gmail.com;2023-08-25
9235;Rerum doloremque desino sursum beatae repudiandae aedificium summisse.;Ricky.King33@hotmail.com;2025-08-10
2340;Confugo absorbeo carbo.;Antonette.OReilly@hotmail.com;2025-04-14
1693;Vis arcus viriliter sodalitas clarus.;Harry_Marquardt16@hotmail.com;2020-09-14
5133;Tempore alienus adipisci velociter deporto.;Hildegard_Yundt56@hotmail.com;2022-04-23
4967;Distinctio viridis cibo.;Nico_Block-Miller30@gmail.com;2020-02-19
7326;Sui colligo aegrus patria distinctio ducimus desolo.;Tristian_Tillman86@yahoo.com;2023-09-01
8005;Velociter stillicidium numquam.;Maritza.Fahey83@gmail.com;2020-03-09
2054;Abbas accusator tantillus ter comis cunctatio.;Eda48@gmail.com;2020-07-01
3093;Cui cuppedia arx.;Joanne_Bailey@yahoo.com;2025-12-14
3032;Cibus theatrum quis coruscus autem doloremque.;Rosa_Boyle@gmail.com;2024-05-19
7619;Ad fugit maiores omnis sustineo colo comes cimentarius amaritudo statim.;Chanelle_Cassin@yahoo.com;2024-10-09
3085;Umerus apto succedo claustrum.;Carroll.Dietrich@yahoo.com;2025-08-31
5512;Viridis attonbitus vulticulus auxilium depono adipisci calamitas denique.;Reva65@hotmail.com;2020-05-22
7577;Cognomen cras adeo colligo turpis laboriosam alias.;Alison.Stokes@yahoo.com;2021-11-05
5544;Termes aestivus unus.;Maud.Dickens@hotmail.com;2022-07-01
846;Somniculosus cui admiratio atrocitas ipsa voluptate urbs comparo denego.;Timothy_Macejkovic33@yahoo.com;2024-09-06
9661;Defero celebrer tribuo appositus volo tertius eveniet.;Jovanny.Okuneva@hotmail.com;2021-03-19
2238;Incidunt error decerno arguo.;Deven_Gerlach@hotmail.com;2022-10-14
6746;Vero subvenio vulariter clarus modi via amo assumenda voluptatum aptus.;Karelle.Keebler40@gmail.com;2023-10-04
3131;Stips paens contra artificiose adstringo quae aggredior.;Patsy97@yahoo.com;2024-04-11
1577;Vester cito tolero defessus denuncio antea curia acervus.;Jany_Rath23@yahoo.com;2023-02-26
8067;Curvo non adversus trepide voluptates torqueo audax ager cornu.;Meagan.Frami@gmail.com;2023-01-10
4810;Censura comitatus bonus in.;Hershel_Funk52@yahoo.com;2024-03-18
5767;Vilicus verbum amoveo curiositas tabella vorax theca.;Waylon.Tromp@yahoo.com;2021-10-06
4670;Tenuis exercitationem fuga vesica.;Augusta.Moore43@yahoo.com;2020-07-22
7589;Speciosus terminatio trucido alias villa apparatus apparatus asporto summisse.;Devin_OConner59@hotmail.com;2022-03-17
1269;Patrocinor apud templum desidero apparatus pel uberrime subvenio officiis delectus.;Oceane_Purdy57@yahoo.com;2024-11-22
9374;Cicuta aiunt animadverto curriculum arx suppono.;Ansley_Muller20@yahoo.com;2021-05-26
9990;Ratione terreo cicuta.;Ford22@gmail.com;2021-12-01
960;Somnus ultio umerus.;Carey_Brakus71@hotmail.com;2021-10-17
3950;Defungo absum ventito quis angustus tolero absum triduana catena.;Reese43@gmail.com;2023-07-16
8091;Usitas pauper theologus verbum adicio denuncio.;Ada_Daugherty@hotmail.com;2021-10-04
9495;Tabella aspernatur somniculosus demens.;Tristin43@gmail.com;2022-12-20
851;Tredecim absconditus adeptio crinis.;Madelyn.Waelchi69@yahoo.com;2024-01-11
981;Suscipit terminatio cruciamentum.;Bo.Hermann@hotmail.com;2024-10-20
4032;Laboriosam suscipit auditor umbra beneficium summopere aduro.;Dewitt26@gmail.com;2024-11-23
1519;Unde curiositas absum cogito suppellex acervus ut aranea ea solvo.;Jose_Hansen85@gmail.com;2025-01-10
9325;Viscus ultra debitis confero votum quaerat ustilo utor expedita sollicito.;Tiffany.Kilback@hotmail.com;2025-04-07
7638;Nemo tamdiu aequus tabella cupiditate molestiae ocer sponte aggero.;Brooklyn55@yahoo.com;2021-01-03
1380;Patruus alii credo iste thermae aspicio.;Jaleel.Nicolas-Pfannerstill@hotmail.com;2021-09-11
5674;Vivo ab excepturi decipio quam candidus adamo desino valetudo.;Connie.Kiehn9@yahoo.com;2022-06-14
3457;Sordeo sui atqui thesis.;Arturo76@gmail.com;2025-11-28
3997;Terebro carus suppono utroque.;Alexandrine_Hoeger71@yahoo.com;2024-12-07
5945;Alioqui deripio amplitudo.;Demarcus69@hotmail.com;2022-11-14
4577;Tabesco desipio cribro quo.;Charles5@hotmail.com;2025-11-13
6278;Summisse canis aegrotatio.;Howard_Predovic43@hotmail.com;2025-05-12
8639;Sub aeger conicio tot contego angelus bestia stella repudiandae statua.;Nels17@hotmail.com;2021-04-17
8402;Venustas officiis antiquus adeptio tremo.;Kailey31@gmail.com;2020-06-21
1558;Eum vaco argentum adeo.;Imelda_Dietrich8@hotmail.com;2024-02-23
8256;Deleo ab optio appono crepusculum subito.;Julius_Jast@hotmail.com;2022-07-12
5635;Chirographum fugit ea sursum voluptates minus condico degero ambitus iusto.;Terrence41@hotmail.com;2020-07-11
4680;Culpo demo vulariter tenetur.;Percy45@yahoo.com;2024-10-29
4026;Carcer volubilis campana rem.;Augustine.McGlynn55@hotmail.com;2021-12-09
8494;Uredo vomer careo corrigo audeo calco.;Dedric.Bednar87@yahoo.com;2024-03-28
7395;Coniuratio amitto curvo demitto asporto delinquo desino urbs accendo.;Pietro14@yahoo.com;2022-02-18
4625;Tribuo officia sumo cupiditate stipes crapula summa vulpes speciosus.;Lea_Connelly25@hotmail.com;2025-07-25
4143;Attero cultellus depromo aequitas universe sed cruentus creptio aegrus.;Geovanny93@yahoo.com;2021-12-14
9920;Amo ubi desparatus stips cimentarius.;Olin.Maggio@hotmail.com;2023-04-03
8270;Candidus coepi adamo explicabo arcus apparatus adipiscor crux sublime.;Keenan_Reichel@gmail.com;2023-08-26
7292;Sublime casso aer traho atrocitas bis dolorem.;Marcella.Schmitt@yahoo.com;2021-04-22
269;Brevis deinde assentator coerceo soluta capto culpa comptus subseco tenus.;Cheyanne71@hotmail.com;2023-08-11
9841;Coma thermae vester ullus taceo tandem amaritudo vallum quis terreo.;Leann_Bernhard82@gmail.com;2025-11-03
6402;Apparatus confero sursum circumvenio aedificium vulnero.;Myah.Krajcik@gmail.com;2021-03-07
7914;Tenax corrumpo adversus appono sed adipisci tripudio cupiditas dolorum.;Alyson64@hotmail.com;2020-10-23
8254;Vesco arbustum culpo aetas maiores.;Carson.Brakus@yahoo.com;2020-04-29
6385;Perferendis campana cibo.;Colby.Bahringer@hotmail.com;2022-03-26
6002;Cruentus dolorum suppellex audacia caste suscipio peior.;Abe62@hotmail.com;2020-08-18
4450;Depraedor deinde curtus audentia dolore.;Nolan.Beahan5@hotmail.com;2021-08-24
7335;Textor combibo avarus uxor caecus cupiditas.;Brionna_Zieme-Haag@hotmail.com;2020-07-31
3135;Crinis suspendo cultellus theca thorax tempus convoco vobis subvenio.;Maximo_Ledner72@yahoo.com;2023-08-08
6189;Suus adulatio stella super via audeo inventore defero amaritudo cibus.;Edythe13@hotmail.com;2024-07-10
3238;Vel cui saepe patior ventosus voluptate tui alias.;Gregg_Rempel70@yahoo.com;2024-08-11
1556;Aut adhaero demo vado ad ipsam conspergo video vehemens.;Thurman18@hotmail.com;2024-07-08
4505;Amitto aestivus blanditiis corrigo basium suggero terra.;Chesley.Bergnaum97@yahoo.com;2025-12-01
391;Adulatio stultus crux hic canis urbs amoveo volva demo laudantium.;Miles.Corkery54@yahoo.com;2022-09-24
3470;Acer maiores ducimus caute congregatio.;Caitlyn.Kirlin@hotmail.com;2025-02-02
2457;Thymum censura conicio quo.;Neoma.Lind@gmail.com;2025-10-30
1463;Advenio vehemens tabula dolores vitium vigilo votum.;Malcolm_Kub@hotmail.com;2020-05-24
3134;Taceo suppellex thorax cunctatio aeneus tripudio deleniti arto pauper ullam.;Myrna.Gutmann@hotmail.com;2021-04-03
4167;Repellendus ipsam usus blanditiis amita triduana stultus venio aedificium.;Franco.Pfeffer9@yahoo.com;2022-02-02
35;Ut ultra tubineus cimentarius veritas timor arbitro degusto sonitus suppono.;Ryder0@hotmail.com;2020-12-17
455;Urbs subito celebrer adsum adiuvo ascisco eveniet subseco aperte.;Javier_Bosco@gmail.com;2022-03-30
1520;Textor caveo calculus demitto cultellus conscendo crudelis tertius vulgivagus stipes.;Derick_Deckow9@hotmail.com;2024-04-09
3501;Vomito vehemens delego color ustulo solium.;Buford.Brekke61@gmail.com;2020-08-19
3532;Tracto illum verecundia tripudio trucido illo carbo compono conscendo.;Cory.Kuhic23@yahoo.com;2024-12-26
1708;Sustineo ea triumphus.;Cristobal.Ullrich@hotmail.com;2023-01-11
8743;Utpote cura virtus talus tametsi comburo urbs.;Norwood_Dooley24@hotmail.com;2020-06-04
6161;Censura animadverto traho aperio.;Jude.Veum15@hotmail.com;2022-05-23
3494;Pauci denuncio utrimque inventore sum canonicus.;Ceasar.Abshire59@yahoo.com;2025-01-25
3137;Celo error patrocinor pecus cupiditate ceno triduana suffoco.;Alysha.Wiza@hotmail.com;2021-12-17
6384;Accommodo ago appono abbas.;Alyce71@yahoo.com;2025-11-12
463;Voluptates aer balbus.;Amanda_Gulgowski@gmail.com;2024-01-09
732;Cattus sint sordeo delicate.;Assunta23@gmail.com;2023-10-16
9190;Esse vorax statim vesper animadverto veniam sortitus atrox antiquus.;Ladarius.Rogahn13@hotmail.com;2025-09-04
503;Ademptio subseco at templum sordeo.;Reynold.Renner75@yahoo.com;2021-07-24
4097;Crastinus suffragium charisma pectus turbo tempora.;April_Kohler@yahoo.com;2023-04-04
4386;Crur nulla nulla desipio subiungo ipsa exercitationem defleo argumentum vulnero.;Eleanora_Treutel84@yahoo.com;2025-09-13
3714;Benigne voluntarius velum quaerat.;Esperanza.Lowe10@hotmail.com;2021-02-22
5375;Votum corrupti denego verto coerceo eaque.;Zelda_Bernier@yahoo.com;2021-11-21
2865;Terror clementia ipsa cubitum carpo enim patria speciosus cursim delinquo.;Greg.Feil76@gmail.com;2023-10-29
6915;Termes solum dedecor agnitio.;Chris_Howe12@hotmail.com;2020-04-14
7772;Delectatio contego cado pecus.;Tito88@yahoo.com;2025-04-13
6819;Conduco avarus contigo careo suffragium.;Rosella62@hotmail.com;2021-04-08
5892;Decens ultio decretum amplus cicuta undique absens deficio sperno.;Kianna_Mueller@gmail.com;2023-12-01
9816;Earum calcar caterva.;Loyce75@yahoo.com;2022-10-15
1506;Pauci rerum iusto tactus attollo.;Hailee69@hotmail.com;2021-02-19
9617;Conscendo delibero deprimo degusto.;Gretchen.Pollich@gmail.com;2022-01-18
7922;Complectus utique contigo averto dapifer tibi spes quisquam aequitas volaticus.;Lorenza.Larson13@hotmail.com;2023-04-12
5344;Sapiente civitas urbs suffoco curriculum demens maxime crudelis tamdiu.;Hermina_Gibson@gmail.com;2021-07-28
6268;Solio aestus quod beatae delectus audio.;Hershel_Kautzer-Spencer@yahoo.com;2022-06-10
5693;Aveho cattus textilis labore crebro callide suggero aro altus ratione.;Fidel_Metz0@yahoo.com;2020-12-31
2398;Ullam deinde suppellex dedico vero vere cui colo at.;Margaret77@yahoo.com;2023-06-25
7146;Cohors somnus acer tenetur quae decretum.;Bettye_Lubowitz65@hotmail.com;2023-12-30
5458;Peccatus viriliter peior.;Leda.Breitenberg4@gmail.com;2021-09-16
9397;Corrupti textilis adipisci.;Flossie5@gmail.com;2023-07-29
6448;Exercitationem synagoga sollicito temporibus.;Bettie.Bruen59@hotmail.com;2025-09-18
4028;Tersus crux quam amicitia antepono peior cibo ager cinis caries.;Lavina_Wilderman27@yahoo.com;2024-11-30
5063;Thermae maxime adficio vaco candidus commemoro deduco.;Cecil26@yahoo.com;2020-06-27
2372;Dicta attonbitus vester arca derelinquo at.;Bart.OConnell@yahoo.com;2022-05-22
7154;Quae super arcus vestrum iste vicinus delicate compello.;Cali.Emmerich@hotmail.com;2021-11-07
1227;Maxime cras alter pax modi virgo aurum venia.;Mariano_Harris@yahoo.com;2023-07-01
4936;Denuncio decet vivo concido pectus sollers vomito soluta astrum.;Nicole_Quitzon49@gmail.com;2020-07-14
1756;Degero tardus solio nisi perferendis subnecto.;Ima.Altenwerth@hotmail.com;2021-06-14
4578;Temptatio terminatio decor terebro campana repellat carpo.;Kim_Baumbach@yahoo.com;2025-11-30
4782;Cohibeo volva acquiro armarium tabgo.;Giovanni91@gmail.com;2023-10-23
5529;Pecto quibusdam certe sumptus timidus.;Nayeli.Spencer76@hotmail.com;2021-09-13
3494;Caritas vicissitudo titulus ducimus vigor videlicet aestas deludo dolore.;Godfrey.Medhurst73@gmail.com;2023-06-25
2173;Creptio cavus delectus vos barba cruciamentum damno constans cultellus trans.;Lisandro_Trantow@gmail.com;2020-11-05
6227;Auctor suspendo via demoror.;Marvin99@yahoo.com;2020-03-29
5612;Sollers beatae vulnus deputo caput aegrus.;Jarrod47@hotmail.com;2025-09-23
1510;Doloremque defendo eius sulum audentia.;Ramona.Klein89@hotmail.com;2020-10-06
2652;Suus supra vesco patrocinor ager patruus.;Grover41@yahoo.com;2025-07-12
9919;Decet subseco cruciamentum sponte debitis complectus utor comparo.;Serenity_Bogan@gmail.com;2025-06-25
8509;Ipsum decor custodia.;Emmie_Stokes71@yahoo.com;2022-05-21
9423;Comis tamen sopor vinco supra corona clamo veniam truculenter addo.;Linnea_Schumm@hotmail.com;2023-06-11
637;Cogo tendo adiuvo vos aperio.;Alysha35@yahoo.com;2024-12-31
1747;Celer quae vomito.;Sarai.Paucek72@gmail.com;2025-01-03
2482;Crux adimpleo ad vulnus.;Bernie_Oberbrunner@gmail.com;2021-04-07
1631;Terror spero trado coerceo vespillo aegrotatio omnis animi virgo.;Arjun_Williamson47@hotmail.com;2022-02-11
3047;Cetera caute aer decumbo dapifer voluptates compello.;Raquel.Ruecker9@yahoo.com;2022-08-28
2034;Commodo tero culpa ago accendo.;Lucas_Carter-Ebert48@hotmail.com;2021-10-24
9925;Bellum cupiditas copiose creber modi vulgivagus accommodo.;Laurie_Turner@gmail.com;2023-05-22
4743;Repudiandae caste fugiat admoveo velit acer.;Letitia_VonRueden@yahoo.com;2022-10-13
783;Somnus vitae depono sopor celo.;Breana.Cummerata@yahoo.com;2021-07-26
8992;Caput adnuo paens deporto.;Tracy92@hotmail.com;2023-10-13
2273;Vulticulus harum validus sui exercitationem admitto communis.;Grant.Stiedemann@gmail.com;2025-06-17
5229;Calco est vulgivagus audax.;Ed35@gmail.com;2024-08-29
1369;Neque ab abstergo canonicus calculus suppono cimentarius laboriosam.;Jermain.Robel57@hotmail.com;2023-03-21
3689;Conturbo voluptate strues curis.;Meghan0@gmail.com;2022-05-20
3518;Tubineus benigne stillicidium congregatio porro.;Braulio.Dare@gmail.com;2020-08-09
1563;Pel deleniti tristis laborum illum degusto adamo creator.;Ines63@gmail.com;2024-02-29
3713;Qui arcesso clarus creator temporibus.;Loyal.Yost31@hotmail.com;2024-12-26
4711;Summa condico vulnero triduana debitis.;Lucy93@yahoo.com;2023-10-06
3222;Ullus correptius paens verbera conforto paulatim cometes.;Marjory33@hotmail.com;2020-11-24
716;Caput vorago succurro.;Jamaal_Koelpin@gmail.com;2025-11-10
598;Volup circumvenio toties.;Gunnar_Pagac4@gmail.com;2024-10-12
756;Deprecator arbitro abstergo tego chirographum.;Simone.Doyle11@hotmail.com;2022-01-07
5253;Contabesco aptus amita abundans.;Janick_Spinka@gmail.com;2022-08-10
1334;Valens currus conscendo absque clibanus talis amo desidero sumo.;Loyal88@yahoo.com;2025-09-01
4623;Quibusdam caecus crebro cuius video vulnus aestas perferendis.;Bertha_Wisozk@yahoo.com;2020-10-16
1781;Conqueror cogito coaegresco cunae porro.;Cristian.Langosh25@hotmail.com;2021-01-02
4665;Officiis ustilo tantillus arbor triduana arceo blandior xiphias cauda defaeco.;Isaac_Abernathy@gmail.com;2020-02-11
3553;Adimpleo summopere statua synagoga canis ustilo.;Theo.Sipes@yahoo.com;2021-01-27
265;Corrupti arx quod.;Gerald_Carroll24@gmail.com;2021-05-09
6583;Aeneus recusandae fugiat demum aro molestiae tum iusto tener.;Royce_Barton@yahoo.com;2020-07-09
5206;Spectaculum aliquid celer vita thesaurus assentator corporis pel.;Caleigh_Lebsack80@gmail.com;2023-08-05
2302;Necessitatibus sumptus umquam adsidue maiores.;Kian.Cartwright@gmail.com;2020-03-23
6557;Alo beatus cerno ut aperio accedo supplanto soleo copia.;Tod_Kshlerin89@gmail.com;2025-06-28
6096;Absque timor trucido aequitas paulatim stultus sperno bene pax.;Betsy_Lind72@gmail.com;2020-06-08
8731;Capio cometes impedit casus admiratio.;Blake.Rempel@gmail.com;2021-05-01
9740;Una quasi utrimque totidem titulus territo.;Bernadine.Bosco@gmail.com;2023-03-29
913;Atrocitas dicta bestia doloribus undique quia adiuvo.;Matilde_Stroman@gmail.com;2021-11-30
8935;Textor verecundia nostrum angelus vestigium.;Lauretta10@gmail.com;2025-07-03
2673;Desino adulatio vomer sui stipes tego necessitatibus claudeo.;Luisa96@gmail.com;2022-02-26
6544;Vinitor hic demonstro.;Ladarius59@yahoo.com;2021-06-08
6812;Uter somnus volaticus esse quis caste.;Eileen_Haley23@hotmail.com;2023-04-15
4111;Angelus averto tunc crudelis atrocitas saepe ipsam cultellus tamquam.;Demetris39@yahoo.com;2021-04-10
477;Aegre tonsor barba caelestis quae reiciendis collum.;Grant.Collins58@yahoo.com;2021-08-17
6895;Derideo odit commodo timidus cognomen voluptatem.;Marques47@gmail.com;2025-01-21
6423;Aestivus assumenda contego alias caelestis advoco.;Delaney40@hotmail.com;2022-11-09
5461;Deserunt casso suadeo ciminatio ter verbera terreo adamo trado.;Cassandre.Hagenes@yahoo.com;2021-03-01
1993;Quam succedo cupiditas somniculosus uter vis tempus itaque sponte.;Eva.OConnell45@yahoo.com;2021-01-24
9232;Inflammatio sordeo arbitro valetudo aegrus unus volup bellicus.;Ruth.Grant72@gmail.com;2025-04-06
7296;Caecus strues cupiditas clarus tenus.;Abbigail_Larson@yahoo.com;2022-04-04
5901;Creo valetudo desipio vel annus.;Cathy.Glover@yahoo.com;2025-08-21
9752;Amo anser titulus spero cetera deputo cotidie congregatio surculus patruus.;Emile.Walker@gmail.com;2021-05-26
9004;Brevis torrens demitto audio adimpleo quas contego coma.;Delilah14@hotmail.com;2023-08-24
3746;Cura amissio decipio adflicto tonsor degusto congregatio delibero.;Marcus51@gmail.com;2025-12-21
916;Uredo dedico magnam umbra cogo.;Evangeline95@gmail.com;2022-03-23
4661;Censura agnitio totam.;Eino.Goodwin@yahoo.com;2023-12-07
3110;Vulticulus constans conforto esse.;Everette41@hotmail.com;2023-10-04
4487;Nulla via caries tubineus soleo.;Vincent_Boyle@gmail.com;2024-07-05
4654;Ipsam atrox ademptio vilicus speculum terga summopere tergiversatio.;Kiarra62@gmail.com;2024-07-31
9670;Conitor antepono cupiditate usitas celebrer validus demoror.;Nicklaus.Bartoletti90@yahoo.com;2022-05-03
2980;Adsuesco alias uterque atavus coma.;Jaydon23@gmail.com;2022-09-04
2954;Cilicium crustulum cupiditas studio quas sono usus.;Levi.Runolfsson21@gmail.com;2020-06-13
2279;Sub tamdiu vilitas vitae.;Nikita_Witting27@yahoo.com;2020-02-14
5220;Cilicium torqueo adicio quae arx tempus fugiat callide.;Ronaldo_Stark-Bergnaum42@hotmail.com;2024-11-04
4692;Doloribus conicio vindico voluptas.;Herbert99@yahoo.com;2021-01-01
7796;Cras appono terreo cenaculum.;Roma.Cremin98@hotmail.com;2024-12-11
9098;Repellat sapiente soleo calamitas universe triumphus adsum corrupti earum id.;Karen_Nolan@hotmail.com;2021-10-25
9230;Color vindico contra officiis et adflicto vinco.;Dominique86@hotmail.com;2024-03-10
